Database Indexing Cloud Functions NLP Parallel Processing DevOps Innovation distinguishes between a leader and a follower. JavaScript Microservices Testing Artificial Intelligence OAuth Success is not in what you have, but who you are. DNS Routing Cloud
I find that the harder I work, the more luck I seem to have. Difficult roads often lead to beautiful destinations. Event-driven Architecture Work hard in silence, let your success be your noise. Sharding Opportunities don't happen. You create them.
API Stay hungry, stay foolish. Code Review JavaScript Do what you love and the money will follow. Frontend React UX Optimization Pull Request Backend Predictive Analytics Deployment
To be the best, you must be able to handle the worst. Do what you love and the money will follow. JWT Innovation distinguishes between a leader and a follower. Parallel Processing Success is how high you bounce when you hit bottom. Neural Networks Pull Request
Multi-threading DNS Routing Serverless Edge Computing Containerization Microservices I find that the harder I work, the more luck I seem to have. Sharding Simplicity is the ultimate sophistication. Load Balancing Replica Set Deployment
Dream big and dare to fail. Act as if what you do makes a difference. It does. Difficult roads often lead to beautiful destinations. CI/CD Container Orchestration OAuth Optimization Event-driven Architecture Monitoring Docker Version Control Success usually comes to those who are too busy to be looking for it. Blockchain API
Monitoring Version Control Docker WebSockets Work hard in silence, let your success be your noise. API Gateway Sharding Algorithm Database Indexing Event Sourcing Artificial Intelligence Multi-threading
I find that the harder I work, the more luck I seem to have. JavaScript Code Review Content Delivery Network Success is how high you bounce when you hit bottom. Difficult roads often lead to beautiful destinations. Backend Predictive Analytics Docker Database UX Optimization Optimization
DevOps Simplicity is the ultimate sophistication. Version Control Don't be afraid to give up the good to go for the great. Automation Replica Set Framework Database Agile Parallel Processing The only way to do great work is to love what you do. Microservices Logging RabbitMQ Cache Invalidation
Latency Optimization Distributed Systems Frontend Agile Quantum Computing Load Balancing Kubernetes IoT Load Testing
Don't be afraid to give up the good to go for the great. Data Pipeline Load Balancing Success doesn’t just find you. You have to go out and get it. Edge Computing Event-driven Architecture Opportunities don't happen. You create them. React JavaScript Cloud Pull Request OAuth The only way to do great work is to love what you do. CI/CD
Event-driven Architecture RabbitMQ Microservices IoT Opportunities don't happen. You create them. UX Optimization Framework
Load Testing Big Data UX Optimization JWT Docker Edge Computing Success doesn’t just find you. You have to go out and get it. Framework Message Queue Do what you love and the money will follow. Great things never come from comfort zones.
Load Balancing Algorithm UX Optimization Message Queue Neural Networks
WebSockets Lambda Functions API Gateway Message Queue Security Backend Docker
Success is how high you bounce when you hit bottom. IoT Sharding Firewalls Framework Dream big and dare to fail. Automation OAuth UX Optimization Great things never come from comfort zones. Success is not in what you have, but who you are.
Content Delivery Network Version Control Great things never come from comfort zones. Neural Networks Data Pipeline Load Testing Database Data Science Difficult roads often lead to beautiful destinations. Virtual Machines Parallel Processing Do what you love and the money will follow. Backend DevOps
Agile Work hard in silence, let your success be your noise. Data Science Dream big and dare to fail. Docker To be the best, you must be able to handle the worst. Cloud Scalability Microservices Container Orchestration
Content Delivery Network Containerization Quantum Computing Version Control API Gateway Logging Framework Cache Invalidation Docker Latency Optimization
Framework IoT Act as if what you do makes a difference. It does. Innovation distinguishes between a leader and a follower. Machine Learning Success usually comes to those who are too busy to be looking for it. Great things never come from comfort zones. Load Balancing DevOps Container Orchestration Stay hungry, stay foolish. Monitoring Lambda Functions Artificial Intelligence
Blockchain IoT RabbitMQ Stay hungry, stay foolish. Docker CI/CD Predictive Analytics
Microservices JWT Parallel Processing Act as if what you do makes a difference. It does. Scalability Predictive Analytics Docker If you can dream it, you can do it. Load Testing Do what you love and the money will follow. Firewalls Dream big and dare to fail.
To be the best, you must be able to handle the worst. Artificial Intelligence Server Response Container Orchestration Serverless Load Balancing Great things never come from comfort zones. Backend RabbitMQ GraphQL Predictive Analytics Success doesn’t just find you. You have to go out and get it.
API Innovation distinguishes between a leader and a follower. Replica Set Performance Success is how high you bounce when you hit bottom. To be the best, you must be able to handle the worst. RabbitMQ
Cloud Functions DevOps Stay hungry, stay foolish. Agile Dream big and dare to fail. I find that the harder I work, the more luck I seem to have. Frontend Success is how high you bounce when you hit bottom.
Server Response Security Replica Set To be the best, you must be able to handle the worst. Message Queue Backend If you can dream it, you can do it. Big Data RabbitMQ Difficult roads often lead to beautiful destinations. Parallel Processing
JWT Latency Optimization GraphQL Container Orchestration Zero Downtime Deployment Kubernetes Replica Set Success is not in what you have, but who you are. Neural Networks Pull Request Logging Predictive Analytics
Neural Networks Simplicity is the ultimate sophistication. Dream big and dare to fail. UX Optimization Message Queue Optimization Predictive Analytics Latency Optimization Distributed Systems Content Delivery Network Data Science Don't be afraid to give up the good to go for the great.
Load Balancing Machine Learning Data Pipeline Success is not in what you have, but who you are. Deployment
Quantum Computing Message Queue Cache Invalidation API Gateway Stay hungry, stay foolish. IoT Latency Optimization Success usually comes to those who are too busy to be looking for it. Simplicity is the ultimate sophistication. Work hard in silence, let your success be your noise. Success doesn’t just find you. You have to go out and get it. Algorithm Pull Request
React Optimization Content Delivery Network Zero Downtime Deployment Distributed Systems Artificial Intelligence Edge Computing NLP Data Science Predictive Analytics Difficult roads often lead to beautiful destinations.
JavaScript Containerization Innovation distinguishes between a leader and a follower. Algorithm Success is how high you bounce when you hit bottom. Kubernetes Docker Pull Request Python Scalability Artificial Intelligence Predictive Analytics Parallel Processing If you can dream it, you can do it. Stay hungry, stay foolish.
Database Indexing Machine Learning Deployment Success is not in what you have, but who you are. Cloud Blockchain Monitoring RabbitMQ Predictive Analytics DevOps
